FileName,DetectedCount,Notes
Photo on 26-01-2026 at 20.08 #2.JPG,40,
Photo on 26-01-2026 at 20.08.JPG,40,
Photo on 26-01-2026 at 20.09 #2.JPG,40,
Photo on 26-01-2026 at 20.09.JPG,40,
Photo on 26-01-2026 at 20.10 #5.JPG,40,
Photo on 26-01-2026 at 20.11 #3.JPG,40,
Photo on 26-01-2026 at 20.11.JPG,40,
Photo on 26-01-2026 at 20.12 #2.JPG,40,
Photo on 26-01-2026 at 20.12 #3.JPG,40,
Photo on 26-01-2026 at 20.12 #4.JPG,40,
Photo on 26-01-2026 at 20.12 #5.JPG,40,
Photo on 27-01-2026 at 22.10 #2.JPG,40,
Photo on 27-01-2026 at 22.10 #5.JPG,40,
Photo on 27-01-2026 at 22.11.JPG,40,
Photo on 26-01-2026 at 20.08 #2.JPG,40,
Photo on 26-01-2026 at 20.08.JPG,40,
Photo on 26-01-2026 at 20.09 #2.JPG,40,
Photo on 26-01-2026 at 20.09.JPG,40,
Photo on 26-01-2026 at 20.10 #5.JPG,40,
Photo on 26-01-2026 at 20.11 #3.JPG,40,
Photo on 26-01-2026 at 20.11.JPG,40,
Photo on 26-01-2026 at 20.12 #2.JPG,40,
Photo on 26-01-2026 at 20.12 #3.JPG,40,
Photo on 26-01-2026 at 20.12 #4.JPG,40,
Photo on 26-01-2026 at 20.12 #5.JPG,40,
Photo on 27-01-2026 at 22.10 #2.JPG,40,
Photo on 27-01-2026 at 22.10 #5.JPG,40,
Photo on 27-01-2026 at 22.11.JPG,40,
